player_id,name,team,role,round,home_average,away_average,overall_average,last_3_average,current_price,max_price,min_price,is_home_target,match_minus_1,match_minus_2,match_minus_3,target_points
55916197c498293442727262,Unai Simón,Athletic de Bilbao,portero,4,4.0,4.142857142857143,4.071428571428571,5.0,20142663,20142663,19478443,True,3,4,8,3
55916197c498293442727262,Unai Simón,Athletic de Bilbao,portero,5,4.0,4.142857142857143,4.071428571428571,3.3333333333333335,20142663,20142663,19478443,False,3,3,4,2
55916197c498293442727262,Unai Simón,Athletic de Bilbao,portero,6,4.0,4.142857142857143,4.071428571428571,2.6666666666666665,20142663,20142663,19478443,True,2,3,3,3
55916197c498293442727262,Unai Simón,Athletic de Bilbao,portero,7,4.0,4.142857142857143,4.071428571428571,2.6666666666666665,20142663,20142663,19478443,False,3,2,3,7
55916197c498293442727262,Unai Simón,Athletic de Bilbao,portero,8,4.0,4.142857142857143,4.071428571428571,4.0,20142663,20142663,19478443,True,7,3,2,3
55916197c498293442727262,Unai Simón,Athletic de Bilbao,portero,9,4.0,4.142857142857143,4.071428571428571,4.333333333333333,20142663,20142663,19478443,False,3,7,3,12
55916197c498293442727262,Unai Simón,Athletic de Bilbao,portero,10,4.0,4.142857142857143,4.071428571428571,7.333333333333333,20142663,20142663,19478443,True,12,3,7,3
55916197c498293442727262,Unai Simón,Athletic de Bilbao,portero,11,4.0,4.142857142857143,4.071428571428571,6.0,20142663,20142663,19478443,False,3,12,3,-2
55916197c498293442727262,Unai Simón,Athletic de Bilbao,portero,12,4.0,4.142857142857143,4.071428571428571,4.333333333333333,20142663,20142663,19478443,True,-2,3,12,4
55916197c498293442727262,Unai Simón,Athletic de Bilbao,portero,13,4.0,4.142857142857143,4.071428571428571,1.6666666666666667,20142663,20142663,19478443,False,4,-2,3,-1
55916197c498293442727262,Unai Simón,Athletic de Bilbao,portero,14,4.0,4.142857142857143,4.071428571428571,0.3333333333333333,20142663,20142663,19478443,False,-1,4,-2,8
577fc05cd0b969de4e1a7096,Chimy Ávila,Betis,delantero,3,0.0,1.0,0.8,1.3333333333333333,1000000,1000000,1000000,True,2,0,2,0
577fc05cd0b969de4e1a7096,Chimy Ávila,Betis,delantero,4,0.0,1.0,0.8,0.6666666666666666,1000000,1000000,1000000,False,0,2,0,0
577fc05cd0b969de4e1a7096,Chimy Ávila,Betis,delantero,5,0.0,1.0,0.8,0.6666666666666666,1000000,1000000,1000000,True,0,0,2,0
577fc05cd0b969de4e1a7096,Chimy Ávila,Betis,delantero,7,0.0,1.0,0.8,0.0,1000000,1000000,1000000,True,0,0,0,0
577fc05cd0b969de4e1a7096,Chimy Ávila,Betis,delantero,8,0.0,1.0,0.8,0.0,1000000,1000000,1000000,False,0,0,0,0
577fc05cd0b969de4e1a7096,Chimy Ávila,Betis,delantero,9,0.0,1.0,0.8,0.0,1000000,1000000,1000000,False,0,0,0,0
577fc05cd0b969de4e1a7096,Chimy Ávila,Betis,delantero,10,0.0,1.0,0.8,0.0,1000000,1000000,1000000,True,0,0,0,0
577fc05cd0b969de4e1a7096,Chimy Ávila,Betis,delantero,11,0.0,1.0,0.8,0.0,1000000,1000000,1000000,True,0,0,0,0
577fc05cd0b969de4e1a7096,Chimy Ávila,Betis,delantero,12,0.0,1.0,0.8,0.0,1000000,1000000,1000000,False,0,0,0,0
577fc05cd0b969de4e1a7096,Chimy Ávila,Betis,delantero,13,0.0,1.0,0.8,0.0,1000000,1000000,1000000,True,0,0,0,0
577fc05cd0b969de4e1a7096,Chimy Ávila,Betis,delantero,14,0.0,1.0,0.8,0.0,1000000,1000000,1000000,False,0,0,0,0
62b31101deea5c2d8c81fdf5,Dela,Levante,defensa,4,2.2,3.5714285714285716,3.0,3.3333333333333335,1095079,1205887,1095079,True,2,6,2,2
62b31101deea5c2d8c81fdf5,Dela,Levante,defensa,5,2.2,3.5714285714285716,3.0,3.3333333333333335,1095079,1205887,1095079,False,2,2,6,0
62b31101deea5c2d8c81fdf5,Dela,Levante,defensa,6,2.2,3.5714285714285716,3.0,1.3333333333333333,1095079,1205887,1095079,True,0,2,2,1
62b31101deea5c2d8c81fdf5,Dela,Levante,defensa,7,2.2,3.5714285714285716,3.0,1.0,1095079,1205887,1095079,False,1,0,2,7
62b31101deea5c2d8c81fdf5,Dela,Levante,defensa,8,2.2,3.5714285714285716,3.0,2.6666666666666665,1095079,1205887,1095079,False,7,1,0,8
62b31101deea5c2d8c81fdf5,Dela,Levante,defensa,9,2.2,3.5714285714285716,3.0,5.333333333333333,1095079,1205887,1095079,True,8,7,1,0
62b31101deea5c2d8c81fdf5,Dela,Levante,defensa,10,2.2,3.5714285714285716,3.0,5.0,1095079,1205887,1095079,False,0,8,7,2
62b31101deea5c2d8c81fdf5,Dela,Levante,defensa,11,2.2,3.5714285714285716,3.0,3.3333333333333335,1095079,1205887,1095079,True,2,0,8,2
62b31101deea5c2d8c81fdf5,Dela,Levante,defensa,12,2.2,3.5714285714285716,3.0,1.3333333333333333,1095079,1205887,1095079,False,2,2,0,1
62b31101deea5c2d8c81fdf5,Dela,Levante,defensa,13,2.2,3.5714285714285716,3.0,1.6666666666666667,1095079,1205887,1095079,False,1,2,2,3
62b31101deea5c2d8c81fdf5,Dela,Levante,defensa,14,2.2,3.5714285714285716,3.0,2.0,1095079,1205887,1095079,True,3,1,2,0
6884c2ae19c279041887fa84,Valentín Gómez,Betis,defensa,3,5.2,2.6666666666666665,3.8181818181818183,0.6666666666666666,2895938,2895938,1946035,True,2,0,0,0
6884c2ae19c279041887fa84,Valentín Gómez,Betis,defensa,4,5.2,2.6666666666666665,3.8181818181818183,0.6666666666666666,2895938,2895938,1946035,False,0,2,0,2
6884c2ae19c279041887fa84,Valentín Gómez,Betis,defensa,5,5.2,2.6666666666666665,3.8181818181818183,1.3333333333333333,2895938,2895938,1946035,True,2,0,2,2
6884c2ae19c279041887fa84,Valentín Gómez,Betis,defensa,7,5.2,2.6666666666666665,3.8181818181818183,1.3333333333333333,2895938,2895938,1946035,True,2,2,0,8
6884c2ae19c279041887fa84,Valentín Gómez,Betis,defensa,8,5.2,2.6666666666666665,3.8181818181818183,4.0,2895938,2895938,1946035,False,8,2,2,3
6884c2ae19c279041887fa84,Valentín Gómez,Betis,defensa,9,5.2,2.6666666666666665,3.8181818181818183,4.333333333333333,2895938,2895938,1946035,False,3,8,2,2
6884c2ae19c279041887fa84,Valentín Gómez,Betis,defensa,10,5.2,2.6666666666666665,3.8181818181818183,4.333333333333333,2895938,2895938,1946035,True,2,3,8,0
6884c2ae19c279041887fa84,Valentín Gómez,Betis,defensa,11,5.2,2.6666666666666665,3.8181818181818183,1.6666666666666667,2895938,2895938,1946035,True,0,2,3,3
6884c2ae19c279041887fa84,Valentín Gómez,Betis,defensa,12,5.2,2.6666666666666665,3.8181818181818183,1.6666666666666667,2895938,2895938,1946035,False,3,0,2,3
6884c2ae19c279041887fa84,Valentín Gómez,Betis,defensa,13,5.2,2.6666666666666665,3.8181818181818183,2.0,2895938,2895938,1946035,True,3,3,0,13
6884c2ae19c279041887fa84,Valentín Gómez,Betis,defensa,14,5.2,2.6666666666666665,3.8181818181818183,6.333333333333333,2895938,2895938,1946035,False,13,3,3,4
63375e14c376ff465d2a5af7,Aitor Paredes,Athletic de Bilbao,defensa,4,3.5,6.0,4.75,7.0,1372014,1452191,1241463,True,13,4,4,3
63375e14c376ff465d2a5af7,Aitor Paredes,Athletic de Bilbao,defensa,5,3.5,6.0,4.75,6.666666666666667,1372014,1452191,1241463,False,3,13,4,6
63375e14c376ff465d2a5af7,Aitor Paredes,Athletic de Bilbao,defensa,6,3.5,6.0,4.75,7.333333333333333,1372014,1452191,1241463,True,6,3,13,3
63375e14c376ff465d2a5af7,Aitor Paredes,Athletic de Bilbao,defensa,7,3.5,6.0,4.75,4.0,1372014,1452191,1241463,False,3,6,3,0
63375e14c376ff465d2a5af7,Aitor Paredes,Athletic de Bilbao,defensa,8,3.5,6.0,4.75,3.0,1372014,1452191,1241463,True,0,3,6,0
63375e14c376ff465d2a5af7,Aitor Paredes,Athletic de Bilbao,defensa,9,3.5,6.0,4.75,1.0,1372014,1452191,1241463,False,0,0,3,1
63375e14c376ff465d2a5af7,Aitor Paredes,Athletic de Bilbao,defensa,10,3.5,6.0,4.75,0.3333333333333333,1372014,1452191,1241463,True,1,0,0,0
63375e14c376ff465d2a5af7,Aitor Paredes,Athletic de Bilbao,defensa,11,3.5,6.0,4.75,0.3333333333333333,1372014,1452191,1241463,False,0,1,0,0
63375e14c376ff465d2a5af7,Aitor Paredes,Athletic de Bilbao,defensa,12,3.5,6.0,4.75,0.3333333333333333,1372014,1452191,1241463,True,0,0,1,0
63375e14c376ff465d2a5af7,Aitor Paredes,Athletic de Bilbao,defensa,13,3.5,6.0,4.75,0.0,1372014,1452191,1241463,False,0,0,0,0
63375e14c376ff465d2a5af7,Aitor Paredes,Athletic de Bilbao,defensa,14,3.5,6.0,4.75,0.0,1372014,1452191,1241463,False,0,0,0,4
5b34a5c720ba80411d09b254,Juan Cruz,Osasuna,defensa,4,2.0,3.0,2.4,4.0,1000000,1000000,1000000,True,5,4,3,4
5b34a5c720ba80411d09b254,Juan Cruz,Osasuna,defensa,5,2.0,3.0,2.4,4.333333333333333,1000000,1000000,1000000,False,4,5,4,3
5b34a5c720ba80411d09b254,Juan Cruz,Osasuna,defensa,6,2.0,3.0,2.4,4.0,1000000,1000000,1000000,True,3,4,5,2
5b34a5c720ba80411d09b254,Juan Cruz,Osasuna,defensa,7,2.0,3.0,2.4,3.0,1000000,1000000,1000000,False,2,3,4,0
5b34a5c720ba80411d09b254,Juan Cruz,Osasuna,defensa,8,2.0,3.0,2.4,1.6666666666666667,1000000,1000000,1000000,True,0,2,3,1
5b34a5c720ba80411d09b254,Juan Cruz,Osasuna,defensa,9,2.0,3.0,2.4,1.0,1000000,1000000,1000000,False,1,0,2,0
5b34a5c720ba80411d09b254,Juan Cruz,Osasuna,defensa,10,2.0,3.0,2.4,0.3333333333333333,1000000,1000000,1000000,True,0,1,0,1
5b34a5c720ba80411d09b254,Juan Cruz,Osasuna,defensa,11,2.0,3.0,2.4,0.6666666666666666,1000000,1000000,1000000,False,1,0,1,0
5b34a5c720ba80411d09b254,Juan Cruz,Osasuna,defensa,12,2.0,3.0,2.4,0.3333333333333333,1000000,1000000,1000000,False,0,1,0,0
5b34a5c720ba80411d09b254,Juan Cruz,Osasuna,defensa,13,2.0,3.0,2.4,0.3333333333333333,1000000,1000000,1000000,True,0,0,1,0
5b34a5c720ba80411d09b254,Juan Cruz,Osasuna,defensa,14,2.0,3.0,2.4,0.0,1000000,1000000,1000000,False,0,0,0,1
632f6f28d2f4c20bd75d484b,Carlos Romero,Espanyol,defensa,4,8.428571428571429,5.5,7.076923076923077,8.333333333333334,36607128,37161836,36607128,True,16,2,7,7
632f6f28d2f4c20bd75d484b,Carlos Romero,Espanyol,defensa,5,8.428571428571429,5.5,7.076923076923077,8.333333333333334,36607128,37161836,36607128,False,7,16,2,4
632f6f28d2f4c20bd75d484b,Carlos Romero,Espanyol,defensa,6,8.428571428571429,5.5,7.076923076923077,9.0,36607128,37161836,36607128,True,4,7,16,2
632f6f28d2f4c20bd75d484b,Carlos Romero,Espanyol,defensa,7,8.428571428571429,5.5,7.076923076923077,4.333333333333333,36607128,37161836,36607128,False,2,4,7,8
632f6f28d2f4c20bd75d484b,Carlos Romero,Espanyol,defensa,8,8.428571428571429,5.5,7.076923076923077,4.666666666666667,36607128,37161836,36607128,True,8,2,4,6
632f6f28d2f4c20bd75d484b,Carlos Romero,Espanyol,defensa,9,8.428571428571429,5.5,7.076923076923077,5.333333333333333,36607128,37161836,36607128,False,6,8,2,10
632f6f28d2f4c20bd75d484b,Carlos Romero,Espanyol,defensa,10,8.428571428571429,5.5,7.076923076923077,8.0,36607128,37161836,36607128,True,10,6,8,16
632f6f28d2f4c20bd75d484b,Carlos Romero,Espanyol,defensa,11,8.428571428571429,5.5,7.076923076923077,10.666666666666666,36607128,37161836,36607128,False,16,10,6,5
632f6f28d2f4c20bd75d484b,Carlos Romero,Espanyol,defensa,12,8.428571428571429,5.5,7.076923076923077,10.333333333333334,36607128,37161836,36607128,True,5,16,10,0
632f6f28d2f4c20bd75d484b,Carlos Romero,Espanyol,defensa,13,8.428571428571429,5.5,7.076923076923077,7.0,36607128,37161836,36607128,True,0,5,16,5
632f6f28d2f4c20bd75d484b,Carlos Romero,Espanyol,defensa,14,8.428571428571429,5.5,7.076923076923077,3.3333333333333335,36607128,37161836,36607128,False,5,0,5,4
66008381aa35cf4f4218df43,Liso,Getafe,centrocampista,4,5.4,7.666666666666667,6.636363636363637,11.0,20337903,21097915,20337903,True,3,19,11,7
66008381aa35cf4f4218df43,Liso,Getafe,centrocampista,5,5.4,7.666666666666667,6.636363636363637,9.666666666666666,20337903,21097915,20337903,False,7,3,19,5
66008381aa35cf4f4218df43,Liso,Getafe,centrocampista,6,5.4,7.666666666666667,6.636363636363637,5.0,20337903,21097915,20337903,True,5,7,3,0
66008381aa35cf4f4218df43,Liso,Getafe,centrocampista,7,5.4,7.666666666666667,6.636363636363637,4.0,20337903,21097915,20337903,True,0,5,7,0
66008381aa35cf4f4218df43,Liso,Getafe,centrocampista,8,5.4,7.666666666666667,6.636363636363637,1.6666666666666667,20337903,21097915,20337903,False,0,0,5,0
66008381aa35cf4f4218df43,Liso,Getafe,centrocampista,9,5.4,7.666666666666667,6.636363636363637,0.0,20337903,21097915,20337903,True,0,0,0,7
66008381aa35cf4f4218df43,Liso,Getafe,centrocampista,10,5.4,7.666666666666667,6.636363636363637,2.3333333333333335,20337903,21097915,20337903,False,7,0,0,5
66008381aa35cf4f4218df43,Liso,Getafe,centrocampista,11,5.4,7.666666666666667,6.636363636363637,4.0,20337903,21097915,20337903,True,5,7,0,7
66008381aa35cf4f4218df43,Liso,Getafe,centrocampista,12,5.4,7.666666666666667,6.636363636363637,6.333333333333333,20337903,21097915,20337903,False,7,5,7,3
66008381aa35cf4f4218df43,Liso,Getafe,centrocampista,13,5.4,7.666666666666667,6.636363636363637,5.0,20337903,21097915,20337903,True,3,7,5,3
66008381aa35cf4f4218df43,Liso,Getafe,centrocampista,14,5.4,7.666666666666667,6.636363636363637,4.333333333333333,20337903,21097915,20337903,True,3,3,7,3
67804e6ab11a5e759942b02f,Kervin Arriaga,Levante,centrocampista,4,3.0,3.6666666666666665,3.3636363636363638,0.0,4380731,4809994,4380731,True,0,0,0,1
67804e6ab11a5e759942b02f,Kervin Arriaga,Levante,centrocampista,5,3.0,3.6666666666666665,3.3636363636363638,0.3333333333333333,4380731,4809994,4380731,False,1,0,0,2
67804e6ab11a5e759942b02f,Kervin Arriaga,Levante,centrocampista,6,3.0,3.6666666666666665,3.3636363636363638,1.0,4380731,4809994,4380731,True,2,1,0,0
67804e6ab11a5e759942b02f,Kervin Arriaga,Levante,centrocampista,7,3.0,3.6666666666666665,3.3636363636363638,1.0,4380731,4809994,4380731,False,0,2,1,3
67804e6ab11a5e759942b02f,Kervin Arriaga,Levante,centrocampista,8,3.0,3.6666666666666665,3.3636363636363638,1.6666666666666667,4380731,4809994,4380731,False,3,0,2,7
67804e6ab11a5e759942b02f,Kervin Arriaga,Levante,centrocampista,9,3.0,3.6666666666666665,3.3636363636363638,3.3333333333333335,4380731,4809994,4380731,True,7,3,0,1
67804e6ab11a5e759942b02f,Kervin Arriaga,Levante,centrocampista,10,3.0,3.6666666666666665,3.3636363636363638,3.6666666666666665,4380731,4809994,4380731,False,1,7,3,5
67804e6ab11a5e759942b02f,Kervin Arriaga,Levante,centrocampista,11,3.0,3.6666666666666665,3.3636363636363638,4.333333333333333,4380731,4809994,4380731,True,5,1,7,13
67804e6ab11a5e759942b02f,Kervin Arriaga,Levante,centrocampista,12,3.0,3.6666666666666665,3.3636363636363638,6.333333333333333,4380731,4809994,4380731,False,13,5,1,3
67804e6ab11a5e759942b02f,Kervin Arriaga,Levante,centrocampista,13,3.0,3.6666666666666665,3.3636363636363638,7.0,4380731,4809994,4380731,False,3,13,5,2
67804e6ab11a5e759942b02f,Kervin Arriaga,Levante,centrocampista,14,3.0,3.6666666666666665,3.3636363636363638,6.0,4380731,4809994,4380731,True,2,3,13,0
520243d0d7a595bd3700001f,Oblak,Atlético de Madrid,portero,4,5.25,4.6,5.0,2.6666666666666665,21345949,22356642,21345949,True,3,3,2,4
520243d0d7a595bd3700001f,Oblak,Atlético de Madrid,portero,5,5.25,4.6,5.0,3.3333333333333335,21345949,22356642,21345949,False,4,3,3,3
520243d0d7a595bd3700001f,Oblak,Atlético de Madrid,portero,6,5.25,4.6,5.0,3.3333333333333335,21345949,22356642,21345949,True,3,4,3,4
520243d0d7a595bd3700001f,Oblak,Atlético de Madrid,portero,7,5.25,4.6,5.0,3.6666666666666665,21345949,22356642,21345949,True,4,3,4,6
520243d0d7a595bd3700001f,Oblak,Atlético de Madrid,portero,8,5.25,4.6,5.0,4.333333333333333,21345949,22356642,21345949,False,6,4,3,5
520243d0d7a595bd3700001f,Oblak,Atlético de Madrid,portero,9,5.25,4.6,5.0,5.0,21345949,22356642,21345949,True,5,6,4,10
520243d0d7a595bd3700001f,Oblak,Atlético de Madrid,portero,10,5.25,4.6,5.0,7.0,21345949,22356642,21345949,False,10,5,6,10
520243d0d7a595bd3700001f,Oblak,Atlético de Madrid,portero,11,5.25,4.6,5.0,8.333333333333334,21345949,22356642,21345949,True,10,10,5,4
520243d0d7a595bd3700001f,Oblak,Atlético de Madrid,portero,12,5.25,4.6,5.0,8.0,21345949,22356642,21345949,True,4,10,10,5
520243d0d7a595bd3700001f,Oblak,Atlético de Madrid,portero,13,5.25,4.6,5.0,6.333333333333333,21345949,22356642,21345949,False,5,4,10,0
520243d0d7a595bd3700001f,Oblak,Atlético de Madrid,portero,14,5.25,4.6,5.0,3.0,21345949,22356642,21345949,True,0,5,4,6
628135edd1a6e308e48ee195,John Donald,Elche,defensa,4,3.75,0.75,2.25,1.3333333333333333,1000000,1000000,1000000,False,0,2,2,0
628135edd1a6e308e48ee195,John Donald,Elche,defensa,5,3.75,0.75,2.25,0.6666666666666666,1000000,1000000,1000000,True,0,0,2,0
628135edd1a6e308e48ee195,John Donald,Elche,defensa,6,3.75,0.75,2.25,0.0,1000000,1000000,1000000,False,0,0,0,0
628135edd1a6e308e48ee195,John Donald,Elche,defensa,7,3.75,0.75,2.25,0.0,1000000,1000000,1000000,True,0,0,0,13
628135edd1a6e308e48ee195,John Donald,Elche,defensa,8,3.75,0.75,2.25,4.333333333333333,1000000,1000000,1000000,False,13,0,0,1
628135edd1a6e308e48ee195,John Donald,Elche,defensa,9,3.75,0.75,2.25,4.666666666666667,1000000,1000000,1000000,True,1,13,0,0
628135edd1a6e308e48ee195,John Donald,Elche,defensa,10,3.75,0.75,2.25,4.666666666666667,1000000,1000000,1000000,False,0,1,13,0
628135edd1a6e308e48ee195,John Donald,Elche,defensa,11,3.75,0.75,2.25,0.3333333333333333,1000000,1000000,1000000,False,0,0,1,0
628135edd1a6e308e48ee195,John Donald,Elche,defensa,12,3.75,0.75,2.25,0.0,1000000,1000000,1000000,True,0,0,0,0
628135edd1a6e308e48ee195,John Donald,Elche,defensa,13,3.75,0.75,2.25,0.0,1000000,1000000,1000000,True,0,0,0,0
628135edd1a6e308e48ee195,John Donald,Elche,defensa,14,3.75,0.75,2.25,0.0,1000000,1000000,1000000,False,0,0,0,0
5b89b1161c0c9f16f9678cba,Lo Celso,Betis,centrocampista,3,6.166666666666667,4.166666666666667,5.166666666666667,6.666666666666667,57341514,57956122,57341514,True,4,11,5,3
5b89b1161c0c9f16f9678cba,Lo Celso,Betis,centrocampista,4,6.166666666666667,4.166666666666667,5.166666666666667,6.0,57341514,57956122,57341514,False,3,4,11,4
5b89b1161c0c9f16f9678cba,Lo Celso,Betis,centrocampista,5,6.166666666666667,4.166666666666667,5.166666666666667,3.6666666666666665,57341514,57956122,57341514,True,4,3,4,8
5b89b1161c0c9f16f9678cba,Lo Celso,Betis,centrocampista,7,6.166666666666667,4.166666666666667,5.166666666666667,5.0,57341514,57956122,57341514,True,8,4,3,0
5b89b1161c0c9f16f9678cba,Lo Celso,Betis,centrocampista,8,6.166666666666667,4.166666666666667,5.166666666666667,4.0,57341514,57956122,57341514,False,0,8,4,7
5b89b1161c0c9f16f9678cba,Lo Celso,Betis,centrocampista,9,6.166666666666667,4.166666666666667,5.166666666666667,5.0,57341514,57956122,57341514,False,7,0,8,2
5b89b1161c0c9f16f9678cba,Lo Celso,Betis,centrocampista,10,6.166666666666667,4.166666666666667,5.166666666666667,3.0,57341514,57956122,57341514,True,2,7,0,6
5b89b1161c0c9f16f9678cba,Lo Celso,Betis,centrocampista,11,6.166666666666667,4.166666666666667,5.166666666666667,5.0,57341514,57956122,57341514,True,6,2,7,7
5b89b1161c0c9f16f9678cba,Lo Celso,Betis,centrocampista,12,6.166666666666667,4.166666666666667,5.166666666666667,5.0,57341514,57956122,57341514,False,7,6,2,3
5b89b1161c0c9f16f9678cba,Lo Celso,Betis,centrocampista,13,6.166666666666667,4.166666666666667,5.166666666666667,5.333333333333333,57341514,57956122,57341514,True,3,7,6,2
5b89b1161c0c9f16f9678cba,Lo Celso,Betis,centrocampista,14,6.166666666666667,4.166666666666667,5.166666666666667,4.0,57341514,57956122,57341514,False,2,3,7,0
62c8810bb1a2d22da1beec0b,Marcão,Sevilla,defensa,4,3.2,2.857142857142857,3.0,1.0,1734640,1734640,1265719,True,1,0,2,4
62c8810bb1a2d22da1beec0b,Marcão,Sevilla,defensa,5,3.2,2.857142857142857,3.0,1.6666666666666667,1734640,1734640,1265719,False,4,1,0,1
62c8810bb1a2d22da1beec0b,Marcão,Sevilla,defensa,6,3.2,2.857142857142857,3.0,2.0,1734640,1734640,1265719,True,1,4,1,0
62c8810bb1a2d22da1beec0b,Marcão,Sevilla,defensa,7,3.2,2.857142857142857,3.0,1.6666666666666667,1734640,1734640,1265719,False,0,1,4,6
62c8810bb1a2d22da1beec0b,Marcão,Sevilla,defensa,8,3.2,2.857142857142857,3.0,2.3333333333333335,1734640,1734640,1265719,True,6,0,1,7
62c8810bb1a2d22da1beec0b,Marcão,Sevilla,defensa,9,3.2,2.857142857142857,3.0,4.333333333333333,1734640,1734640,1265719,True,7,6,0,-2
62c8810bb1a2d22da1beec0b,Marcão,Sevilla,defensa,10,3.2,2.857142857142857,3.0,3.6666666666666665,1734640,1734640,1265719,False,-2,7,6,2
62c8810bb1a2d22da1beec0b,Marcão,Sevilla,defensa,11,3.2,2.857142857142857,3.0,2.3333333333333335,1734640,1734640,1265719,False,2,-2,7,0
62c8810bb1a2d22da1beec0b,Marcão,Sevilla,defensa,12,3.2,2.857142857142857,3.0,0.0,1734640,1734640,1265719,True,0,2,-2,4
62c8810bb1a2d22da1beec0b,Marcão,Sevilla,defensa,13,3.2,2.857142857142857,3.0,2.0,1734640,1734640,1265719,False,4,0,2,8
62c8810bb1a2d22da1beec0b,Marcão,Sevilla,defensa,14,3.2,2.857142857142857,3.0,4.0,1734640,1734640,1265719,True,8,4,0,3
64d1243213c6a63ccc321949,Campos,Levante,portero,4,6.0,4.0,5.0,3.3333333333333335,1000000,1000000,1000000,True,0,6,4,0
64d1243213c6a63ccc321949,Campos,Levante,portero,5,6.0,4.0,5.0,2.0,1000000,1000000,1000000,False,0,0,6,0
64d1243213c6a63ccc321949,Campos,Levante,portero,6,6.0,4.0,5.0,0.0,1000000,1000000,1000000,True,0,0,0,0
64d1243213c6a63ccc321949,Campos,Levante,portero,7,6.0,4.0,5.0,0.0,1000000,1000000,1000000,False,0,0,0,0
64d1243213c6a63ccc321949,Campos,Levante,portero,8,6.0,4.0,5.0,0.0,1000000,1000000,1000000,False,0,0,0,0
64d1243213c6a63ccc321949,Campos,Levante,portero,9,6.0,4.0,5.0,0.0,1000000,1000000,1000000,True,0,0,0,0
64d1243213c6a63ccc321949,Campos,Levante,portero,10,6.0,4.0,5.0,0.0,1000000,1000000,1000000,False,0,0,0,0
64d1243213c6a63ccc321949,Campos,Levante,portero,11,6.0,4.0,5.0,0.0,1000000,1000000,1000000,True,0,0,0,0
64d1243213c6a63ccc321949,Campos,Levante,portero,12,6.0,4.0,5.0,0.0,1000000,1000000,1000000,False,0,0,0,0
64d1243213c6a63ccc321949,Campos,Levante,portero,13,6.0,4.0,5.0,0.0,1000000,1000000,1000000,False,0,0,0,0
64d1243213c6a63ccc321949,Campos,Levante,portero,14,6.0,4.0,5.0,0.0,1000000,1000000,1000000,True,0,0,0,0
614f52757bf8f60892e55d4a,Jesús Vázquez,Valencia,defensa,4,2.0,2.0,2.0,2.6666666666666665,1000000,1000655,1000000,False,4,4,0,0
614f52757bf8f60892e55d4a,Jesús Vázquez,Valencia,defensa,5,2.0,2.0,2.0,2.6666666666666665,1000000,1000655,1000000,True,0,4,4,2
614f52757bf8f60892e55d4a,Jesús Vázquez,Valencia,defensa,6,2.0,2.0,2.0,2.0,1000000,1000655,1000000,False,2,0,4,2
614f52757bf8f60892e55d4a,Jesús Vázquez,Valencia,defensa,7,2.0,2.0,2.0,1.3333333333333333,1000000,1000655,1000000,True,2,2,0,0
614f52757bf8f60892e55d4a,Jesús Vázquez,Valencia,defensa,8,2.0,2.0,2.0,1.3333333333333333,1000000,1000655,1000000,False,0,2,2,2
614f52757bf8f60892e55d4a,Jesús Vázquez,Valencia,defensa,9,2.0,2.0,2.0,1.3333333333333333,1000000,1000655,1000000,False,2,0,2,0
614f52757bf8f60892e55d4a,Jesús Vázquez,Valencia,defensa,10,2.0,2.0,2.0,0.6666666666666666,1000000,1000655,1000000,True,0,2,0,2
614f52757bf8f60892e55d4a,Jesús Vázquez,Valencia,defensa,11,2.0,2.0,2.0,1.3333333333333333,1000000,1000655,1000000,False,2,0,2,0
614f52757bf8f60892e55d4a,Jesús Vázquez,Valencia,defensa,12,2.0,2.0,2.0,0.6666666666666666,1000000,1000655,1000000,True,0,2,0,2
614f52757bf8f60892e55d4a,Jesús Vázquez,Valencia,defensa,13,2.0,2.0,2.0,1.3333333333333333,1000000,1000655,1000000,True,2,0,2,0
614f52757bf8f60892e55d4a,Jesús Vázquez,Valencia,defensa,14,2.0,2.0,2.0,0.6666666666666666,1000000,1000655,1000000,False,0,2,0,0
53d5fac899056b0c7700012e,Thomas Partey,Villarreal,centrocampista,4,3.0,2.5,2.75,2.3333333333333335,10430347,10550294,9561047,False,2,4,1,1
53d5fac899056b0c7700012e,Thomas Partey,Villarreal,centrocampista,5,3.0,2.5,2.75,2.3333333333333335,10430347,10550294,9561047,True,1,2,4,-2
53d5fac899056b0c7700012e,Thomas Partey,Villarreal,centrocampista,6,3.0,2.5,2.75,0.3333333333333333,10430347,10550294,9561047,False,-2,1,2,2
53d5fac899056b0c7700012e,Thomas Partey,Villarreal,centrocampista,7,3.0,2.5,2.75,0.3333333333333333,10430347,10550294,9561047,True,2,-2,1,3
53d5fac899056b0c7700012e,Thomas Partey,Villarreal,centrocampista,8,3.0,2.5,2.75,1.0,10430347,10550294,9561047,False,3,2,-2,3
53d5fac899056b0c7700012e,Thomas Partey,Villarreal,centrocampista,9,3.0,2.5,2.75,2.6666666666666665,10430347,10550294,9561047,True,3,3,2,0
53d5fac899056b0c7700012e,Thomas Partey,Villarreal,centrocampista,10,3.0,2.5,2.75,2.0,10430347,10550294,9561047,False,0,3,3,2
53d5fac899056b0c7700012e,Thomas Partey,Villarreal,centrocampista,11,3.0,2.5,2.75,1.6666666666666667,10430347,10550294,9561047,True,2,0,3,7
53d5fac899056b0c7700012e,Thomas Partey,Villarreal,centrocampista,12,3.0,2.5,2.75,3.0,10430347,10550294,9561047,False,7,2,0,5
53d5fac899056b0c7700012e,Thomas Partey,Villarreal,centrocampista,13,3.0,2.5,2.75,4.666666666666667,10430347,10550294,9561047,True,5,7,2,5
53d5fac899056b0c7700012e,Thomas Partey,Villarreal,centrocampista,14,3.0,2.5,2.75,5.666666666666667,10430347,10550294,9561047,False,5,5,7,0
68a21b2501a094041b51ad5b,Bekhoucha,Getafe,defensa,4,2.0,3.5,3.0,2.3333333333333335,1000000,1031048,1000000,True,0,0,7,2
68a21b2501a094041b51ad5b,Bekhoucha,Getafe,defensa,5,2.0,3.5,3.0,0.6666666666666666,1000000,1031048,1000000,False,2,0,0,0
68a21b2501a094041b51ad5b,Bekhoucha,Getafe,defensa,6,2.0,3.5,3.0,0.6666666666666666,1000000,1031048,1000000,True,0,2,0,0
68a21b2501a094041b51ad5b,Bekhoucha,Getafe,defensa,7,2.0,3.5,3.0,0.6666666666666666,1000000,1031048,1000000,True,0,0,2,0
68a21b2501a094041b51ad5b,Bekhoucha,Getafe,defensa,8,2.0,3.5,3.0,0.0,1000000,1031048,1000000,False,0,0,0,0
68a21b2501a094041b51ad5b,Bekhoucha,Getafe,defensa,9,2.0,3.5,3.0,0.0,1000000,1031048,1000000,True,0,0,0,0
68a21b2501a094041b51ad5b,Bekhoucha,Getafe,defensa,10,2.0,3.5,3.0,0.0,1000000,1031048,1000000,False,0,0,0,0
68a21b2501a094041b51ad5b,Bekhoucha,Getafe,defensa,11,2.0,3.5,3.0,0.0,1000000,1031048,1000000,True,0,0,0,0
68a21b2501a094041b51ad5b,Bekhoucha,Getafe,defensa,12,2.0,3.5,3.0,0.0,1000000,1031048,1000000,False,0,0,0,0
68a21b2501a094041b51ad5b,Bekhoucha,Getafe,defensa,13,2.0,3.5,3.0,0.0,1000000,1031048,1000000,True,0,0,0,0
68a21b2501a094041b51ad5b,Bekhoucha,Getafe,defensa,14,2.0,3.5,3.0,0.0,1000000,1031048,1000000,True,0,0,0,0
68a3a86d3a1cb503e4687030,Martim Neto,Elche,centrocampista,4,4.0,3.1666666666666665,3.5454545454545454,3.0,1336757,1336757,1104330,False,2,2,5,8
68a3a86d3a1cb503e4687030,Martim Neto,Elche,centrocampista,5,4.0,3.1666666666666665,3.5454545454545454,4.0,1336757,1336757,1104330,True,8,2,2,7
68a3a86d3a1cb503e4687030,Martim Neto,Elche,centrocampista,6,4.0,3.1666666666666665,3.5454545454545454,5.666666666666667,1336757,1336757,1104330,False,7,8,2,0
68a3a86d3a1cb503e4687030,Martim Neto,Elche,centrocampista,7,4.0,3.1666666666666665,3.5454545454545454,5.0,1336757,1336757,1104330,True,0,7,8,0
68a3a86d3a1cb503e4687030,Martim Neto,Elche,centrocampista,8,4.0,3.1666666666666665,3.5454545454545454,2.3333333333333335,1336757,1336757,1104330,False,0,0,7,2
68a3a86d3a1cb503e4687030,Martim Neto,Elche,centrocampista,9,4.0,3.1666666666666665,3.5454545454545454,0.6666666666666666,1336757,1336757,1104330,True,2,0,0,3
68a3a86d3a1cb503e4687030,Martim Neto,Elche,centrocampista,10,4.0,3.1666666666666665,3.5454545454545454,1.6666666666666667,1336757,1336757,1104330,False,3,2,0,2
68a3a86d3a1cb503e4687030,Martim Neto,Elche,centrocampista,11,4.0,3.1666666666666665,3.5454545454545454,2.3333333333333335,1336757,1336757,1104330,False,2,3,2,2
68a3a86d3a1cb503e4687030,Martim Neto,Elche,centrocampista,12,4.0,3.1666666666666665,3.5454545454545454,2.3333333333333335,1336757,1336757,1104330,True,2,2,3,0
68a3a86d3a1cb503e4687030,Martim Neto,Elche,centrocampista,13,4.0,3.1666666666666665,3.5454545454545454,1.3333333333333333,1336757,1336757,1104330,True,0,2,2,3
68a3a86d3a1cb503e4687030,Martim Neto,Elche,centrocampista,14,4.0,3.1666666666666665,3.5454545454545454,1.6666666666666667,1336757,1336757,1104330,False,3,0,2,3
66919efdc34e5603e02bfd43,Renato Veiga,Villarreal,defensa,5,3.6666666666666665,3.3333333333333335,3.5,0.6666666666666666,13113337,13581022,13113337,True,0,-1,3,2
66919efdc34e5603e02bfd43,Renato Veiga,Villarreal,defensa,6,3.6666666666666665,3.3333333333333335,3.5,0.3333333333333333,13113337,13581022,13113337,False,2,0,-1,3
66919efdc34e5603e02bfd43,Renato Veiga,Villarreal,defensa,7,3.6666666666666665,3.3333333333333335,3.5,1.6666666666666667,13113337,13581022,13113337,True,3,2,0,6
66919efdc34e5603e02bfd43,Renato Veiga,Villarreal,defensa,8,3.6666666666666665,3.3333333333333335,3.5,3.6666666666666665,13113337,13581022,13113337,False,6,3,2,6
66919efdc34e5603e02bfd43,Renato Veiga,Villarreal,defensa,9,3.6666666666666665,3.3333333333333335,3.5,5.0,13113337,13581022,13113337,True,6,6,3,2
66919efdc34e5603e02bfd43,Renato Veiga,Villarreal,defensa,10,3.6666666666666665,3.3333333333333335,3.5,4.666666666666667,13113337,13581022,13113337,False,2,6,6,4
66919efdc34e5603e02bfd43,Renato Veiga,Villarreal,defensa,11,3.6666666666666665,3.3333333333333335,3.5,4.0,13113337,13581022,13113337,True,4,2,6,6
66919efdc34e5603e02bfd43,Renato Veiga,Villarreal,defensa,12,3.6666666666666665,3.3333333333333335,3.5,4.0,13113337,13581022,13113337,False,6,4,2,8
66919efdc34e5603e02bfd43,Renato Veiga,Villarreal,defensa,13,3.6666666666666665,3.3333333333333335,3.5,6.0,13113337,13581022,13113337,True,8,6,4,3
66919efdc34e5603e02bfd43,Renato Veiga,Villarreal,defensa,14,3.6666666666666665,3.3333333333333335,3.5,5.666666666666667,13113337,13581022,13113337,False,3,8,6,0
62dbcf70fa54ce2d70dddd13,Pickel,Espanyol,centrocampista,6,3.4,1.3333333333333333,2.625,0.6666666666666666,1000000,1000000,1000000,True,0,2,0,6
62dbcf70fa54ce2d70dddd13,Pickel,Espanyol,centrocampista,7,3.4,1.3333333333333333,2.625,2.6666666666666665,1000000,1000000,1000000,False,6,0,2,2
62dbcf70fa54ce2d70dddd13,Pickel,Espanyol,centrocampista,8,3.4,1.3333333333333333,2.625,2.6666666666666665,1000000,1000000,1000000,True,2,6,0,0
62dbcf70fa54ce2d70dddd13,Pickel,Espanyol,centrocampista,9,3.4,1.3333333333333333,2.625,2.6666666666666665,1000000,1000000,1000000,False,0,2,6,2
62dbcf70fa54ce2d70dddd13,Pickel,Espanyol,centrocampista,10,3.4,1.3333333333333333,2.625,1.3333333333333333,1000000,1000000,1000000,True,2,0,2,5
62dbcf70fa54ce2d70dddd13,Pickel,Espanyol,centrocampista,11,3.4,1.3333333333333333,2.625,2.3333333333333335,1000000,1000000,1000000,False,5,2,0,0
62dbcf70fa54ce2d70dddd13,Pickel,Espanyol,centrocampista,12,3.4,1.3333333333333333,2.625,2.3333333333333335,1000000,1000000,1000000,True,0,5,2,2
62dbcf70fa54ce2d70dddd13,Pickel,Espanyol,centrocampista,13,3.4,1.3333333333333333,2.625,2.3333333333333335,1000000,1000000,1000000,True,2,0,5,2
62dbcf70fa54ce2d70dddd13,Pickel,Espanyol,centrocampista,14,3.4,1.3333333333333333,2.625,1.3333333333333333,1000000,1000000,1000000,False,2,2,0,0
68b37c6461185205e8c364db,Ounahi,Girona,centrocampista,7,8.0,8.5,8.222222222222221,8.333333333333334,26834779,26834779,25545676,True,13,5,7,3
68b37c6461185205e8c364db,Ounahi,Girona,centrocampista,8,8.0,8.5,8.222222222222221,7.0,26834779,26834779,25545676,True,3,13,5,0
68b37c6461185205e8c364db,Ounahi,Girona,centrocampista,9,8.0,8.5,8.222222222222221,5.333333333333333,26834779,26834779,25545676,False,0,3,13,0
68b37c6461185205e8c364db,Ounahi,Girona,centrocampista,10,8.0,8.5,8.222222222222221,1.0,26834779,26834779,25545676,True,0,0,3,12
68b37c6461185205e8c364db,Ounahi,Girona,centrocampista,11,8.0,8.5,8.222222222222221,4.0,26834779,26834779,25545676,False,12,0,0,7
68b37c6461185205e8c364db,Ounahi,Girona,centrocampista,12,8.0,8.5,8.222222222222221,6.333333333333333,26834779,26834779,25545676,True,7,12,0,7
68b37c6461185205e8c364db,Ounahi,Girona,centrocampista,13,8.0,8.5,8.222222222222221,8.666666666666666,26834779,26834779,25545676,False,7,7,12,7
68b37c6461185205e8c364db,Ounahi,Girona,centrocampista,14,8.0,8.5,8.222222222222221,7.0,26834779,26834779,25545676,True,7,7,7,13
68b6024f9b628c03d5b3fb8b,B. Mendy,Sevilla,centrocampista,7,4.5,4.25,4.4,6.0,13322469,13957927,13322469,False,4,7,7,3
68b6024f9b628c03d5b3fb8b,B. Mendy,Sevilla,centrocampista,8,4.5,4.25,4.4,4.666666666666667,13322469,13957927,13322469,True,3,4,7,7
68b6024f9b628c03d5b3fb8b,B. Mendy,Sevilla,centrocampista,9,4.5,4.25,4.4,4.666666666666667,13322469,13957927,13322469,True,7,3,4,5
68b6024f9b628c03d5b3fb8b,B. Mendy,Sevilla,centrocampista,10,4.5,4.25,4.4,5.0,13322469,13957927,13322469,False,5,7,3,0
68b6024f9b628c03d5b3fb8b,B. Mendy,Sevilla,centrocampista,11,4.5,4.25,4.4,4.0,13322469,13957927,13322469,False,0,5,7,4
68b6024f9b628c03d5b3fb8b,B. Mendy,Sevilla,centrocampista,12,4.5,4.25,4.4,3.0,13322469,13957927,13322469,True,4,0,5,5
68b6024f9b628c03d5b3fb8b,B. Mendy,Sevilla,centrocampista,13,4.5,4.25,4.4,3.0,13322469,13957927,13322469,False,5,4,0,3
68b6024f9b628c03d5b3fb8b,B. Mendy,Sevilla,centrocampista,14,4.5,4.25,4.4,4.0,13322469,13957927,13322469,True,3,5,4,-1
5d63a2b836ff30777c364c51,S. Amrabat,Betis,centrocampista,8,6.8,5.333333333333333,6.25,5.333333333333333,22978307,23133641,22978307,False,7,7,2,0
5d63a2b836ff30777c364c51,S. Amrabat,Betis,centrocampista,9,6.8,5.333333333333333,6.25,4.666666666666667,22978307,23133641,22978307,False,0,7,7,7
5d63a2b836ff30777c364c51,S. Amrabat,Betis,centrocampista,10,6.8,5.333333333333333,6.25,4.666666666666667,22978307,23133641,22978307,True,7,0,7,7
5d63a2b836ff30777c364c51,S. Amrabat,Betis,centrocampista,11,6.8,5.333333333333333,6.25,4.666666666666667,22978307,23133641,22978307,True,7,7,0,7
5d63a2b836ff30777c364c51,S. Amrabat,Betis,centrocampista,12,6.8,5.333333333333333,6.25,7.0,22978307,23133641,22978307,False,7,7,7,7
5d63a2b836ff30777c364c51,S. Amrabat,Betis,centrocampista,13,6.8,5.333333333333333,6.25,7.0,22978307,23133641,22978307,True,7,7,7,6
5d63a2b836ff30777c364c51,S. Amrabat,Betis,centrocampista,14,6.8,5.333333333333333,6.25,6.666666666666667,22978307,23133641,22978307,False,6,7,7,0
